{
  "extras": [
    "lazyvim.plugins.extras.editor.telescope",
    "lazyvim.plugins.extras.lang.docker",
    "lazyvim.plugins.extras.lang.git",
    "lazyvim.plugins.extras.lang.json",
    "lazyvim.plugins.extras.lang.markdown",
    "lazyvim.plugins.extras.lang.prisma",
    "lazyvim.plugins.extras.lang.python",
    "lazyvim.plugins.extras.lang.rust",
    "lazyvim.plugins.extras.lang.sql",
    "lazyvim.plugins.extras.lang.tailwind",
    "lazyvim.plugins.extras.lang.typescript"
  ],
  "install_version": 8,
  "news": {
    "NEWS.md": "11866"
  },
  "version": 8
}